Model,Accuracy,F1_Macro,F1_Micro,f1_Weighted,Invalid_Output_Rate,Runtime (seconds)
meta-llama/Llama-3.1-8B,0.7979023799919323,0.5874694201322409,0.7979023799919323,0.806390470115265,0.0,562.1109938621521
mistralai/Mistral-7B-v0.3,0.17144009681323114,0.23527013010756762,0.17144009681323114,0.13929729085037254,0.0,474.92876648902893
google/gemma-7b,0.2977006857603873,0.2708170597745033,0.2977006857603873,0.27383283177557555,0.0,616.7324314117432
