Model,Accuracy,F1_Macro,F1_Micro,f1_Weighted,Invalid_Output_Rate,Runtime (seconds)
meta-llama/Llama-3.1-8B,0.08158368326334733,0.03940427535579023,0.08158368326334733,0.12196300868853749,0.003599280143971206,4040.415515422821
mistralai/Mistral-7B-v0.3,0.00599880023995201,0.0007997869154003627,0.00599880023995201,0.00022470520581038115,0.010947810437912417,4107.032917022705
google/gemma-7b,0.3066136772645471,0.1584092985841123,0.3066136772645471,0.369583795413356,0.005323935212957409,5861.014704942703
