Model,Accuracy,F1_Macro,F1_Micro,f1_Weighted,Invalid_Output_Rate,Runtime (seconds)
meta-llama/Llama-3.1-8B,0.11960107978404319,0.05436186183828648,0.11960107978404319,0.1574016727919883,0.02459508098380324,3629.7843160629272
mistralai/Mistral-7B-v0.3,0.0653869226154769,0.03692715219519378,0.0653869226154769,0.08308784096183577,0.11922615476904619,3176.6719295978546
google/gemma-7b,0.14337132573485303,0.07477901458807837,0.14337132573485303,0.1921820216241738,0.060512897420515896,5416.935025930405
