Model,Accuracy,F1_Macro,F1_Micro,f1_Weighted,Invalid_Output_Rate,Runtime (seconds)
meta-llama/Llama-3.1-8B,0.1520034843205575,0.0871701365651974,0.1520034843205575,0.08255129731173162,0.0,726.2736797332764
mistralai/Mistral-7B-v0.3,0.13109756097560976,0.033398058252427185,0.13109756097560976,0.030852474544162917,0.010017421602787456,601.8396117687225
google/gemma-7b,0.17770034843205576,0.13358046450694036,0.17770034843205576,0.11528709735873598,0.0,963.4824349880219
