Model,Accuracy,F1_Macro,F1_Micro,f1_Weighted,Invalid_Output_Rate,Runtime (seconds)
meta-llama/Llama-3.1-8B,0.1524390243902439,0.09566658572104296,0.1524390243902439,0.10065980326149081,0.005226480836236934,778.8741641044617
mistralai/Mistral-7B-v0.3,0.10496515679442509,0.0589914884154716,0.10496515679442509,0.0579973508688338,0.4686411149825784,502.6691138744354
google/gemma-7b,0.27526132404181186,0.20807573783015906,0.27526132404181186,0.20312280770275729,0.004355400696864111,1027.0027377605438
